{"0.11862740152215845":{"user_id":2},"0.6818550432990436":{"user_id":2},"0.08593723649373608":{"user_id":3},"0.9165254496179942":{"user_id":3}}